cpu_load,queue_level,queue_dropped,process_jitter,process_deadline_miss,process_exec_time,process_stack_left,sensor_deadline_miss,comm_deadline_miss,health_label
18.0,1.0,0.0,3800.0,210.0,3800.0,392.0,210.0,210.0,1
18.0,1.0,0.0,3800.0,211.0,3800.0,392.0,211.0,211.0,1
17.0,1.0,0.0,3800.0,212.0,3800.0,392.0,212.0,212.0,1
18.0,1.0,0.0,3800.0,213.0,3800.0,392.0,213.0,213.0,1
18.0,1.0,0.0,3800.0,214.0,3800.0,392.0,214.0,214.0,1
18.0,1.0,0.0,3800.0,215.0,3800.0,392.0,215.0,215.0,1
18.0,1.0,0.0,3800.0,216.0,3800.0,392.0,216.0,216.0,1
17.0,1.0,0.0,3800.0,217.0,3800.0,392.0,217.0,217.0,1
17.0,1.0,0.0,3800.0,218.0,3800.0,392.0,218.0,218.0,1
18.0,1.0,0.0,3800.0,219.0,3800.0,392.0,219.0,219.0,1
18.0,1.0,0.0,3800.0,220.0,3800.0,392.0,220.0,220.0,1
18.0,1.0,0.0,3800.0,221.0,3800.0,392.0,221.0,221.0,1
18.0,1.0,0.0,3800.0,222.0,3800.0,392.0,222.0,222.0,1
18.0,1.0,0.0,3800.0,223.0,3800.0,392.0,223.0,223.0,1
17.0,1.0,0.0,3800.0,224.0,3800.0,392.0,224.0,224.0,1
17.0,1.0,0.0,3800.0,225.0,3800.0,392.0,225.0,225.0,1
18.0,1.0,0.0,3800.0,226.0,3800.0,392.0,226.0,226.0,1
18.0,1.0,0.0,3800.0,227.0,3800.0,392.0,227.0,227.0,1
18.0,1.0,0.0,3800.0,228.0,3800.0,392.0,228.0,228.0,1
17.0,1.0,0.0,3800.0,229.0,3800.0,392.0,229.0,229.0,1
17.0,1.0,0.0,3800.0,230.0,3800.0,392.0,230.0,230.0,1
18.0,1.0,0.0,3800.0,231.0,3800.0,392.0,231.0,231.0,1
17.0,1.0,0.0,3800.0,232.0,3800.0,392.0,232.0,232.0,1
18.0,1.0,0.0,3800.0,233.0,3800.0,392.0,233.0,233.0,1
18.0,1.0,0.0,3800.0,234.0,3800.0,392.0,234.0,234.0,1
18.0,1.0,0.0,3800.0,235.0,3800.0,392.0,235.0,235.0,1
18.0,1.0,0.0,3800.0,236.0,3800.0,392.0,236.0,236.0,1
17.0,1.0,0.0,3800.0,237.0,3800.0,392.0,237.0,237.0,1
17.0,1.0,0.0,3800.0,238.0,3800.0,392.0,238.0,238.0,1
18.0,1.0,0.0,3800.0,239.0,3800.0,392.0,239.0,239.0,1
18.0,1.0,0.0,3800.0,240.0,3800.0,392.0,240.0,240.0,1
18.0,1.0,0.0,3800.0,241.0,3800.0,392.0,241.0,241.0,1
18.0,1.0,0.0,3800.0,242.0,3800.0,392.0,242.0,242.0,1
18.0,1.0,0.0,3800.0,243.0,3800.0,392.0,243.0,243.0,1
18.0,1.0,0.0,3800.0,244.0,3800.0,392.0,244.0,244.0,1
18.0,1.0,0.0,3800.0,245.0,3800.0,392.0,245.0,245.0,1
17.0,1.0,0.0,3800.0,246.0,3800.0,392.0,246.0,246.0,1
17.0,1.0,0.0,3800.0,247.0,3800.0,392.0,247.0,247.0,1
18.0,1.0,0.0,3800.0,248.0,3800.0,392.0,248.0,248.0,1
18.0,1.0,0.0,3800.0,249.0,3800.0,392.0,249.0,249.0,1
18.0,1.0,0.0,3800.0,250.0,3800.0,392.0,250.0,250.0,1
17.0,1.0,0.0,3800.0,251.0,3800.0,392.0,251.0,251.0,1
17.0,1.0,0.0,3800.0,252.0,3800.0,392.0,252.0,252.0,1
17.0,1.0,0.0,3800.0,253.0,3800.0,392.0,253.0,253.0,1
18.0,1.0,0.0,3800.0,254.0,3800.0,392.0,254.0,254.0,1
18.0,1.0,0.0,3800.0,255.0,3800.0,392.0,255.0,255.0,1
18.0,1.0,0.0,3800.0,256.0,3800.0,392.0,256.0,256.0,1
18.0,1.0,0.0,3800.0,257.0,3800.0,392.0,257.0,257.0,1
17.0,1.0,0.0,3800.0,258.0,3800.0,392.0,258.0,258.0,1
17.0,1.0,0.0,3800.0,259.0,3800.0,392.0,259.0,259.0,1
17.0,1.0,0.0,3800.0,260.0,3800.0,392.0,260.0,260.0,1
18.0,1.0,0.0,3800.0,261.0,3800.0,392.0,261.0,261.0,1
18.0,1.0,0.0,3800.0,262.0,3800.0,392.0,262.0,262.0,1
18.0,1.0,0.0,3800.0,263.0,3800.0,392.0,263.0,263.0,1
18.0,1.0,0.0,3800.0,264.0,3800.0,392.0,264.0,264.0,1
17.0,1.0,0.0,3800.0,265.0,3800.0,392.0,265.0,265.0,1
17.0,1.0,0.0,3800.0,266.0,3800.0,392.0,266.0,266.0,1
17.0,1.0,0.0,3800.0,267.0,3800.0,392.0,267.0,267.0,1
18.0,1.0,0.0,3800.0,268.0,3800.0,392.0,268.0,268.0,1
18.0,1.0,0.0,3800.0,269.0,3800.0,392.0,269.0,269.0,1
0.0,1.0,0.0,482.0,38.0,382.0,384.0,7.0,5.0,0
7.0,0.0,0.0,382.0,42.0,382.0,384.0,7.0,6.0,0
1.0,1.0,0.0,382.0,45.0,382.0,384.0,8.0,6.0,0
2.0,0.0,0.0,382.0,49.0,382.0,384.0,8.0,7.0,0
0.0,0.0,0.0,382.0,52.0,382.0,384.0,9.0,7.0,0
7.0,0.0,0.0,482.0,56.0,382.0,384.0,10.0,8.0,0
0.0,0.0,0.0,382.0,59.0,382.0,384.0,10.0,8.0,0
7.0,0.0,0.0,382.0,63.0,382.0,384.0,11.0,9.0,0
0.0,0.0,0.0,382.0,66.0,382.0,384.0,11.0,9.0,0
7.0,0.0,0.0,382.0,70.0,382.0,384.0,12.0,10.0,0
0.0,1.0,0.0,382.0,73.0,382.0,384.0,13.0,10.0,0
7.0,0.0,0.0,382.0,77.0,382.0,384.0,13.0,11.0,0
0.0,1.0,0.0,482.0,80.0,382.0,384.0,14.0,11.0,0
7.0,0.0,0.0,382.0,84.0,382.0,384.0,14.0,12.0,0
0.0,1.0,0.0,382.0,87.0,382.0,384.0,15.0,12.0,0
2.0,0.0,0.0,382.0,91.0,382.0,384.0,15.0,13.0,0
0.0,0.0,0.0,382.0,94.0,382.0,384.0,16.0,13.0,0
7.0,0.0,0.0,482.0,98.0,382.0,384.0,17.0,14.0,0
0.0,0.0,0.0,382.0,101.0,382.0,384.0,17.0,14.0,0
7.0,0.0,0.0,382.0,105.0,382.0,384.0,18.0,15.0,0
0.0,0.0,0.0,382.0,108.0,382.0,384.0,18.0,15.0,0
7.0,0.0,0.0,382.0,112.0,382.0,384.0,19.0,16.0,0
0.0,1.0,0.0,382.0,115.0,382.0,384.0,20.0,16.0,0
7.0,0.0,0.0,382.0,119.0,382.0,384.0,20.0,17.0,0
0.0,1.0,0.0,482.0,122.0,382.0,384.0,21.0,17.0,0
7.0,0.0,0.0,382.0,126.0,382.0,384.0,21.0,18.0,0
0.0,1.0,0.0,382.0,129.0,382.0,384.0,22.0,18.0,0
2.0,0.0,0.0,382.0,133.0,382.0,384.0,22.0,19.0,0
0.0,0.0,0.0,382.0,136.0,382.0,384.0,23.0,19.0,0
7.0,0.0,0.0,482.0,140.0,382.0,384.0,24.0,20.0,0
0.0,0.0,0.0,382.0,143.0,382.0,384.0,24.0,20.0,0
7.0,0.0,0.0,382.0,147.0,382.0,384.0,25.0,21.0,0
0.0,0.0,0.0,382.0,150.0,382.0,384.0,25.0,21.0,0
7.0,0.0,0.0,382.0,154.0,382.0,384.0,26.0,22.0,0
0.0,1.0,0.0,382.0,157.0,382.0,384.0,27.0,22.0,0
7.0,0.0,0.0,382.0,161.0,382.0,384.0,27.0,23.0,0
0.0,1.0,0.0,482.0,164.0,382.0,384.0,28.0,23.0,0
7.0,0.0,0.0,382.0,168.0,382.0,384.0,28.0,24.0,0
0.0,1.0,0.0,382.0,171.0,382.0,384.0,29.0,24.0,0
2.0,0.0,0.0,382.0,175.0,382.0,384.0,29.0,25.0,0
0.0,0.0,0.0,382.0,178.0,382.0,384.0,30.0,25.0,0
7.0,0.0,0.0,482.0,182.0,382.0,384.0,31.0,26.0,0
0.0,0.0,0.0,382.0,185.0,382.0,384.0,31.0,26.0,0
7.0,0.0,0.0,382.0,189.0,382.0,384.0,32.0,27.0,0
0.0,0.0,0.0,382.0,192.0,382.0,384.0,32.0,27.0,0
7.0,0.0,0.0,382.0,196.0,382.0,384.0,33.0,28.0,0
0.0,1.0,0.0,382.0,199.0,382.0,384.0,34.0,28.0,0
7.0,0.0,0.0,382.0,203.0,382.0,384.0,34.0,29.0,0
0.0,1.0,0.0,482.0,206.0,382.0,384.0,35.0,29.0,0
7.0,0.0,0.0,382.0,210.0,382.0,384.0,35.0,30.0,0
0.0,1.0,0.0,382.0,213.0,382.0,384.0,36.0,30.0,0
2.0,0.0,0.0,382.0,217.0,382.0,384.0,36.0,31.0,0
0.0,0.0,0.0,382.0,220.0,382.0,384.0,37.0,31.0,0
7.0,0.0,0.0,482.0,224.0,382.0,384.0,38.0,32.0,0
0.0,0.0,0.0,382.0,227.0,382.0,384.0,38.0,32.0,0
7.0,0.0,0.0,382.0,231.0,382.0,384.0,39.0,33.0,0
0.0,0.0,0.0,382.0,234.0,382.0,384.0,39.0,33.0,0
7.0,0.0,0.0,382.0,238.0,382.0,384.0,40.0,34.0,0
0.0,1.0,0.0,382.0,241.0,382.0,384.0,41.0,34.0,0
7.0,0.0,0.0,382.0,245.0,382.0,384.0,41.0,35.0,0
0.0,1.0,0.0,482.0,248.0,382.0,384.0,42.0,35.0,0
7.0,0.0,0.0,382.0,252.0,382.0,384.0,42.0,36.0,0
0.0,1.0,0.0,382.0,255.0,382.0,384.0,43.0,36.0,0
2.0,0.0,0.0,382.0,259.0,382.0,384.0,43.0,37.0,0
0.0,0.0,0.0,382.0,262.0,382.0,384.0,44.0,37.0,0
7.0,0.0,0.0,482.0,266.0,382.0,384.0,45.0,38.0,0
0.0,0.0,0.0,382.0,269.0,382.0,384.0,45.0,38.0,0
7.0,0.0,0.0,382.0,273.0,382.0,384.0,46.0,39.0,0
0.0,0.0,0.0,382.0,276.0,382.0,384.0,46.0,39.0,0
7.0,0.0,0.0,382.0,280.0,382.0,384.0,47.0,40.0,0
0.0,1.0,0.0,382.0,283.0,382.0,384.0,48.0,40.0,0
7.0,0.0,0.0,382.0,287.0,382.0,384.0,48.0,41.0,0
0.0,1.0,0.0,482.0,290.0,382.0,384.0,49.0,41.0,0
7.0,0.0,0.0,382.0,294.0,382.0,384.0,49.0,42.0,0
0.0,1.0,0.0,382.0,297.0,382.0,384.0,50.0,42.0,0
2.0,0.0,0.0,382.0,301.0,382.0,384.0,50.0,43.0,0
0.0,0.0,0.0,382.0,304.0,382.0,384.0,51.0,43.0,0
7.0,0.0,0.0,482.0,308.0,382.0,384.0,52.0,44.0,0
0.0,0.0,0.0,382.0,311.0,382.0,384.0,52.0,44.0,0
7.0,0.0,0.0,382.0,315.0,382.0,384.0,53.0,45.0,0
0.0,0.0,0.0,382.0,318.0,382.0,384.0,53.0,45.0,0
7.0,0.0,0.0,382.0,322.0,382.0,384.0,54.0,46.0,0
0.0,1.0,0.0,382.0,325.0,382.0,384.0,55.0,46.0,0
7.0,0.0,0.0,382.0,329.0,382.0,384.0,55.0,47.0,0
0.0,1.0,0.0,482.0,332.0,382.0,384.0,56.0,47.0,0
7.0,0.0,0.0,382.0,336.0,382.0,384.0,56.0,48.0,0
0.0,1.0,0.0,382.0,339.0,382.0,384.0,57.0,48.0,0
2.0,0.0,0.0,382.0,343.0,382.0,384.0,57.0,49.0,0
0.0,0.0,0.0,382.0,346.0,382.0,384.0,58.0,49.0,0
7.0,0.0,0.0,482.0,350.0,382.0,384.0,59.0,50.0,0
0.0,0.0,0.0,382.0,353.0,382.0,384.0,59.0,50.0,0
7.0,0.0,0.0,382.0,357.0,382.0,384.0,60.0,51.0,0
0.0,0.0,0.0,382.0,360.0,382.0,384.0,60.0,51.0,0
7.0,0.0,0.0,382.0,364.0,382.0,384.0,61.0,52.0,0
0.0,1.0,0.0,382.0,367.0,382.0,384.0,62.0,52.0,0
7.0,0.0,0.0,382.0,371.0,382.0,384.0,62.0,53.0,0
0.0,1.0,0.0,482.0,374.0,382.0,384.0,63.0,53.0,0
7.0,0.0,0.0,382.0,378.0,382.0,384.0,63.0,54.0,0
0.0,1.0,0.0,382.0,381.0,382.0,384.0,64.0,54.0,0
2.0,0.0,0.0,382.0,385.0,382.0,384.0,64.0,55.0,0
0.0,0.0,0.0,0.0,0.0,382.0,392.0,0.0,0.0,2
0.0,1.0,0.0,18.0,0.0,382.0,384.0,1.0,1.0,2
10.0,1.0,0.0,18.0,0.0,382.0,384.0,1.0,3.0,2
11.0,1.0,0.0,18.0,0.0,382.0,384.0,1.0,4.0,2
10.0,1.0,0.0,18.0,0.0,382.0,384.0,1.0,6.0,2
11.0,1.0,0.0,18.0,0.0,382.0,384.0,1.0,7.0,2
10.0,1.0,0.0,18.0,0.0,382.0,384.0,1.0,9.0,2
11.0,1.0,0.0,18.0,0.0,382.0,384.0,1.0,10.0,2
10.0,1.0,0.0,18.0,0.0,382.0,384.0,1.0,12.0,2
11.0,1.0,0.0,18.0,0.0,382.0,384.0,1.0,13.0,2
10.0,1.0,0.0,18.0,0.0,382.0,384.0,1.0,15.0,2
11.0,1.0,0.0,18.0,0.0,382.0,384.0,1.0,16.0,2
10.0,1.0,0.0,18.0,0.0,382.0,384.0,1.0,18.0,2
11.0,1.0,0.0,18.0,0.0,382.0,384.0,1.0,19.0,2
10.0,1.0,0.0,18.0,0.0,382.0,384.0,1.0,21.0,2
11.0,1.0,0.0,18.0,0.0,382.0,384.0,1.0,22.0,2
10.0,1.0,0.0,18.0,0.0,382.0,384.0,1.0,24.0,2
11.0,1.0,0.0,18.0,0.0,382.0,384.0,1.0,25.0,2
10.0,1.0,0.0,18.0,0.0,382.0,384.0,1.0,27.0,2
11.0,1.0,0.0,18.0,0.0,382.0,384.0,1.0,28.0,2
10.0,1.0,0.0,18.0,0.0,382.0,384.0,1.0,30.0,2
11.0,1.0,0.0,18.0,0.0,382.0,384.0,1.0,31.0,2
10.0,1.0,0.0,18.0,0.0,382.0,384.0,1.0,33.0,2
11.0,1.0,0.0,18.0,0.0,382.0,384.0,1.0,34.0,2
10.0,1.0,0.0,18.0,0.0,382.0,384.0,1.0,36.0,2
11.0,1.0,0.0,18.0,0.0,382.0,384.0,1.0,37.0,2
10.0,1.0,0.0,18.0,0.0,382.0,384.0,1.0,39.0,2
11.0,1.0,0.0,18.0,0.0,382.0,384.0,1.0,40.0,2
10.0,1.0,0.0,18.0,0.0,382.0,384.0,1.0,42.0,2
11.0,1.0,0.0,18.0,0.0,382.0,384.0,1.0,43.0,2
10.0,1.0,0.0,18.0,0.0,382.0,384.0,1.0,45.0,2
11.0,1.0,0.0,18.0,0.0,382.0,384.0,1.0,46.0,2
10.0,1.0,0.0,18.0,0.0,382.0,384.0,1.0,48.0,2
10.0,1.0,0.0,18.0,0.0,382.0,384.0,1.0,49.0,2
10.0,1.0,0.0,18.0,0.0,382.0,384.0,1.0,51.0,2
10.0,1.0,0.0,18.0,0.0,382.0,384.0,1.0,52.0,2
10.0,1.0,0.0,18.0,0.0,382.0,384.0,1.0,54.0,2
10.0,1.0,0.0,18.0,0.0,382.0,384.0,1.0,55.0,2
10.0,1.0,0.0,18.0,0.0,382.0,384.0,1.0,57.0,2
10.0,1.0,0.0,18.0,0.0,382.0,384.0,1.0,58.0,2
10.0,1.0,0.0,18.0,0.0,382.0,384.0,1.0,60.0,2
10.0,1.0,0.0,18.0,0.0,382.0,384.0,1.0,61.0,2
10.0,1.0,0.0,18.0,0.0,382.0,384.0,1.0,63.0,2
10.0,1.0,0.0,18.0,0.0,382.0,384.0,1.0,64.0,2
10.0,1.0,0.0,18.0,0.0,382.0,384.0,1.0,66.0,2
10.0,1.0,0.0,18.0,0.0,382.0,384.0,1.0,67.0,2
10.0,1.0,0.0,18.0,0.0,382.0,384.0,1.0,69.0,2
10.0,1.0,0.0,18.0,0.0,382.0,384.0,1.0,70.0,2
10.0,1.0,0.0,18.0,0.0,382.0,384.0,1.0,72.0,2
10.0,1.0,0.0,18.0,0.0,382.0,384.0,1.0,73.0,2
10.0,1.0,0.0,18.0,0.0,382.0,384.0,1.0,75.0,2
10.0,1.0,0.0,18.0,0.0,382.0,384.0,1.0,76.0,2
10.0,1.0,0.0,18.0,0.0,382.0,384.0,1.0,78.0,2
10.0,1.0,0.0,18.0,0.0,382.0,384.0,1.0,79.0,2
10.0,1.0,0.0,18.0,0.0,382.0,384.0,1.0,81.0,2
10.0,1.0,0.0,18.0,0.0,382.0,384.0,1.0,82.0,2
10.0,1.0,0.0,18.0,0.0,382.0,384.0,1.0,84.0,2
10.0,1.0,0.0,18.0,0.0,382.0,384.0,1.0,85.0,2
10.0,1.0,0.0,18.0,0.0,382.0,384.0,1.0,87.0,2
10.0,1.0,0.0,18.0,0.0,382.0,384.0,1.0,88.0,2
5.0,0.0,0.0,514.0,90.0,414.0,114.0,12.0,9.0,2
1.0,0.0,0.0,414.0,93.0,414.0,114.0,12.0,9.0,2
1.0,0.0,0.0,442.0,97.0,414.0,114.0,12.0,10.0,2
10.0,0.0,0.0,414.0,100.0,414.0,114.0,13.0,10.0,2
1.0,0.0,0.0,414.0,103.0,414.0,114.0,13.0,11.0,2
1.0,1.0,0.0,514.0,106.0,414.0,114.0,14.0,11.0,2
10.0,0.0,0.0,414.0,110.0,414.0,114.0,14.0,11.0,2
1.0,1.0,0.0,442.0,113.0,414.0,114.0,15.0,12.0,2
1.0,1.0,0.0,414.0,116.0,414.0,114.0,15.0,12.0,2
8.0,0.0,0.0,414.0,120.0,414.0,114.0,15.0,12.0,2
1.0,0.0,0.0,414.0,123.0,414.0,114.0,16.0,13.0,2
1.0,0.0,0.0,414.0,126.0,414.0,114.0,16.0,13.0,2
5.0,0.0,0.0,514.0,130.0,414.0,114.0,17.0,13.0,2
1.0,0.0,0.0,414.0,133.0,414.0,114.0,17.0,14.0,2
1.0,0.0,0.0,442.0,137.0,414.0,114.0,17.0,14.0,2
10.0,0.0,0.0,414.0,140.0,414.0,114.0,18.0,14.0,2
1.0,0.0,0.0,414.0,143.0,414.0,114.0,18.0,15.0,2
1.0,1.0,0.0,514.0,146.0,414.0,114.0,19.0,15.0,2
10.0,0.0,0.0,414.0,150.0,414.0,114.0,19.0,16.0,2
1.0,1.0,0.0,442.0,153.0,414.0,114.0,20.0,16.0,2
1.0,1.0,0.0,414.0,156.0,414.0,114.0,20.0,16.0,2
8.0,0.0,0.0,414.0,160.0,414.0,114.0,20.0,17.0,2
0.0,0.0,0.0,414.0,163.0,414.0,114.0,21.0,17.0,2
1.0,0.0,0.0,414.0,166.0,414.0,114.0,21.0,17.0,2
5.0,0.0,0.0,514.0,170.0,414.0,114.0,22.0,18.0,2
1.0,0.0,0.0,414.0,173.0,414.0,114.0,22.0,18.0,2
1.0,0.0,0.0,442.0,177.0,414.0,114.0,22.0,18.0,2
10.0,0.0,0.0,414.0,180.0,414.0,114.0,23.0,19.0,2
1.0,0.0,0.0,414.0,183.0,414.0,114.0,23.0,19.0,2
1.0,1.0,0.0,514.0,186.0,414.0,114.0,24.0,19.0,2
10.0,0.0,0.0,414.0,190.0,414.0,114.0,24.0,20.0,2
1.0,1.0,0.0,442.0,193.0,414.0,114.0,25.0,20.0,2
1.0,1.0,0.0,414.0,196.0,414.0,114.0,25.0,20.0,2
8.0,0.0,0.0,414.0,200.0,414.0,114.0,25.0,21.0,2
0.0,0.0,0.0,414.0,203.0,414.0,114.0,26.0,21.0,2
1.0,0.0,0.0,414.0,206.0,414.0,114.0,26.0,22.0,2
5.0,0.0,0.0,514.0,210.0,414.0,114.0,27.0,22.0,2
1.0,0.0,0.0,414.0,213.0,414.0,114.0,27.0,22.0,2
1.0,0.0,0.0,442.0,217.0,414.0,114.0,27.0,23.0,2
10.0,0.0,0.0,414.0,220.0,414.0,114.0,28.0,23.0,2
1.0,0.0,0.0,414.0,223.0,414.0,114.0,28.0,23.0,2
1.0,1.0,0.0,514.0,226.0,414.0,114.0,29.0,24.0,2
10.0,0.0,0.0,414.0,230.0,414.0,114.0,29.0,24.0,2
1.0,1.0,0.0,442.0,233.0,414.0,114.0,30.0,24.0,2
1.0,1.0,0.0,414.0,236.0,414.0,114.0,30.0,25.0,2
8.0,0.0,0.0,414.0,240.0,414.0,114.0,30.0,25.0,2
0.0,0.0,0.0,414.0,243.0,414.0,114.0,31.0,25.0,2
1.0,0.0,0.0,414.0,246.0,414.0,114.0,31.0,26.0,2
5.0,0.0,0.0,514.0,250.0,414.0,114.0,32.0,26.0,2
1.0,0.0,0.0,414.0,253.0,414.0,114.0,32.0,27.0,2
1.0,0.0,0.0,442.0,257.0,414.0,114.0,32.0,27.0,2
10.0,0.0,0.0,414.0,260.0,414.0,114.0,33.0,27.0,2
1.0,0.0,0.0,414.0,263.0,414.0,114.0,33.0,28.0,2
1.0,1.0,0.0,514.0,266.0,414.0,114.0,34.0,28.0,2
10.0,0.0,0.0,414.0,270.0,414.0,114.0,34.0,28.0,2
1.0,1.0,0.0,442.0,273.0,414.0,114.0,35.0,29.0,2
1.0,1.0,0.0,414.0,276.0,414.0,114.0,35.0,29.0,2
8.0,0.0,0.0,414.0,280.0,414.0,114.0,35.0,30.0,2
0.0,0.0,0.0,414.0,283.0,414.0,114.0,36.0,30.0,2
1.0,1.0,0.0,414.0,286.0,414.0,114.0,36.0,30.0,2
0.0,4.0,0.0,0.0,0.0,382.0,392.0,0.0,0.0,1
0.0,10.0,41.0,382.0,3.0,382.0,392.0,0.0,0.0,1
13.0,10.0,92.0,382.0,7.0,382.0,392.0,0.0,1.0,1
0.0,10.0,139.0,382.0,10.0,382.0,392.0,0.0,1.0,1
13.0,10.0,190.0,382.0,14.0,382.0,392.0,0.0,2.0,1
0.0,10.0,237.0,382.0,17.0,382.0,392.0,0.0,2.0,1
13.0,10.0,288.0,382.0,21.0,382.0,392.0,0.0,3.0,1
0.0,10.0,335.0,382.0,24.0,382.0,392.0,0.0,3.0,1
13.0,10.0,386.0,382.0,28.0,382.0,392.0,0.0,4.0,1
0.0,10.0,433.0,382.0,31.0,382.0,392.0,0.0,4.0,1
13.0,10.0,484.0,382.0,35.0,382.0,392.0,0.0,5.0,1
0.0,10.0,531.0,382.0,38.0,382.0,392.0,0.0,5.0,1
13.0,10.0,582.0,382.0,42.0,382.0,392.0,0.0,6.0,1
0.0,10.0,629.0,382.0,45.0,382.0,392.0,0.0,6.0,1
13.0,10.0,680.0,382.0,49.0,382.0,392.0,0.0,7.0,1
0.0,10.0,727.0,382.0,52.0,382.0,392.0,0.0,7.0,1
13.0,10.0,778.0,382.0,56.0,382.0,392.0,0.0,8.0,1
0.0,10.0,825.0,382.0,59.0,382.0,392.0,0.0,8.0,1
13.0,10.0,876.0,382.0,63.0,382.0,392.0,0.0,9.0,1
0.0,10.0,923.0,382.0,66.0,382.0,392.0,0.0,9.0,1
13.0,10.0,974.0,382.0,70.0,382.0,392.0,0.0,10.0,1
0.0,10.0,1021.0,382.0,73.0,382.0,392.0,0.0,10.0,1
13.0,10.0,1072.0,382.0,77.0,382.0,392.0,0.0,11.0,1
0.0,10.0,1119.0,382.0,80.0,382.0,392.0,0.0,11.0,1
13.0,10.0,1170.0,382.0,84.0,382.0,392.0,0.0,12.0,1
0.0,10.0,1217.0,382.0,87.0,382.0,392.0,0.0,12.0,1
13.0,10.0,1268.0,382.0,91.0,382.0,392.0,0.0,13.0,1
0.0,10.0,1315.0,382.0,94.0,382.0,392.0,0.0,13.0,1
13.0,10.0,1366.0,382.0,98.0,382.0,392.0,0.0,14.0,1
0.0,10.0,1413.0,382.0,101.0,382.0,392.0,0.0,14.0,1
13.0,10.0,1464.0,382.0,105.0,382.0,392.0,0.0,15.0,1
0.0,10.0,1511.0,382.0,108.0,382.0,392.0,0.0,15.0,1
13.0,10.0,1562.0,382.0,112.0,382.0,392.0,0.0,16.0,1
0.0,10.0,1609.0,382.0,115.0,382.0,392.0,0.0,16.0,1
13.0,10.0,1660.0,382.0,119.0,382.0,392.0,0.0,17.0,1
0.0,10.0,1707.0,382.0,122.0,382.0,392.0,0.0,17.0,1
13.0,10.0,1758.0,382.0,126.0,382.0,392.0,0.0,18.0,1
0.0,10.0,1805.0,382.0,129.0,382.0,392.0,0.0,18.0,1
13.0,10.0,1856.0,382.0,133.0,382.0,392.0,0.0,19.0,1
0.0,10.0,1903.0,382.0,136.0,382.0,392.0,0.0,19.0,1
13.0,10.0,1954.0,382.0,140.0,382.0,392.0,0.0,20.0,1
0.0,10.0,2001.0,382.0,143.0,382.0,392.0,0.0,20.0,1
13.0,10.0,2052.0,382.0,147.0,382.0,392.0,0.0,21.0,1
0.0,10.0,2099.0,382.0,150.0,382.0,392.0,0.0,21.0,1
13.0,10.0,2150.0,382.0,154.0,382.0,392.0,0.0,22.0,1
0.0,10.0,2197.0,382.0,157.0,382.0,392.0,0.0,22.0,1
13.0,10.0,2248.0,382.0,161.0,382.0,392.0,0.0,23.0,1
0.0,10.0,2295.0,382.0,164.0,382.0,392.0,0.0,23.0,1
13.0,10.0,2346.0,382.0,168.0,382.0,392.0,0.0,24.0,1
0.0,10.0,2393.0,382.0,171.0,382.0,392.0,0.0,24.0,1
13.0,10.0,2444.0,382.0,175.0,382.0,392.0,0.0,25.0,1
0.0,10.0,2491.0,382.0,178.0,382.0,392.0,0.0,25.0,1
13.0,10.0,2542.0,382.0,182.0,382.0,392.0,0.0,26.0,1
0.0,10.0,2589.0,382.0,185.0,382.0,392.0,0.0,26.0,1
13.0,10.0,2640.0,382.0,189.0,382.0,392.0,0.0,27.0,1
0.0,10.0,2687.0,382.0,192.0,382.0,392.0,0.0,27.0,1
13.0,10.0,2738.0,382.0,196.0,382.0,392.0,0.0,28.0,1
0.0,10.0,2785.0,382.0,199.0,382.0,392.0,0.0,28.0,1
13.0,10.0,2836.0,382.0,203.0,382.0,392.0,0.0,29.0,1
0.0,10.0,2883.0,382.0,206.0,382.0,392.0,0.0,29.0,1
0.0,1.0,0.0,382.0,87.0,382.0,384.0,15.0,12.0,2
2.0,0.0,0.0,379.0,91.0,382.0,384.0,15.0,13.0,2
1.0,0.0,0.0,382.0,94.0,382.0,384.0,16.0,13.0,2
7.0,0.0,0.0,482.0,98.0,382.0,384.0,17.0,14.0,2
1.0,0.0,0.0,382.0,101.0,382.0,384.0,17.0,14.0,2
7.0,0.0,0.0,382.0,105.0,382.0,384.0,18.0,15.0,2
0.0,0.0,0.0,382.0,108.0,382.0,384.0,18.0,15.0,2
7.0,0.0,0.0,382.0,112.0,382.0,384.0,19.0,16.0,2
0.0,1.0,0.0,382.0,115.0,382.0,384.0,20.0,16.0,2
7.0,0.0,0.0,382.0,119.0,382.0,384.0,20.0,17.0,2
0.0,1.0,0.0,482.0,122.0,382.0,384.0,21.0,17.0,2
7.0,0.0,0.0,382.0,126.0,382.0,384.0,21.0,18.0,2
0.0,1.0,0.0,382.0,129.0,382.0,384.0,22.0,18.0,2
2.0,0.0,0.0,379.0,133.0,382.0,384.0,22.0,19.0,2
1.0,0.0,0.0,382.0,136.0,382.0,384.0,23.0,19.0,2
7.0,0.0,0.0,482.0,140.0,382.0,384.0,24.0,20.0,2
1.0,0.0,0.0,382.0,143.0,382.0,384.0,24.0,20.0,2
7.0,0.0,0.0,382.0,147.0,382.0,384.0,25.0,21.0,2
0.0,0.0,0.0,382.0,150.0,382.0,384.0,25.0,21.0,2
7.0,0.0,0.0,382.0,154.0,382.0,384.0,26.0,22.0,2
0.0,1.0,0.0,382.0,157.0,382.0,384.0,27.0,22.0,2
7.0,0.0,0.0,382.0,161.0,382.0,384.0,27.0,23.0,2
0.0,1.0,0.0,482.0,164.0,382.0,384.0,28.0,23.0,2
7.0,0.0,0.0,382.0,168.0,382.0,384.0,28.0,24.0,2
0.0,1.0,0.0,382.0,171.0,382.0,384.0,29.0,24.0,2
2.0,0.0,0.0,379.0,175.0,382.0,384.0,29.0,25.0,2
1.0,0.0,0.0,382.0,178.0,382.0,384.0,30.0,25.0,2
7.0,0.0,0.0,482.0,182.0,382.0,384.0,31.0,26.0,2
1.0,0.0,0.0,382.0,185.0,382.0,384.0,31.0,26.0,2
7.0,0.0,0.0,382.0,189.0,382.0,384.0,32.0,27.0,2
0.0,0.0,0.0,382.0,192.0,382.0,384.0,32.0,27.0,2
7.0,0.0,0.0,382.0,196.0,382.0,384.0,33.0,28.0,2
0.0,1.0,0.0,382.0,199.0,382.0,384.0,34.0,28.0,2
7.0,0.0,0.0,382.0,203.0,382.0,384.0,34.0,29.0,2
0.0,1.0,0.0,482.0,206.0,382.0,384.0,35.0,29.0,2
7.0,0.0,0.0,382.0,210.0,382.0,384.0,35.0,30.0,2
0.0,1.0,0.0,382.0,213.0,382.0,384.0,36.0,30.0,2
2.0,0.0,0.0,379.0,217.0,382.0,384.0,36.0,31.0,2
1.0,0.0,0.0,382.0,220.0,382.0,384.0,37.0,31.0,2
7.0,0.0,0.0,482.0,224.0,382.0,384.0,38.0,32.0,2
1.0,0.0,0.0,382.0,227.0,382.0,384.0,38.0,32.0,2
7.0,0.0,0.0,382.0,231.0,382.0,384.0,39.0,33.0,2
0.0,0.0,0.0,382.0,234.0,382.0,384.0,39.0,33.0,2
7.0,0.0,0.0,382.0,238.0,382.0,384.0,40.0,34.0,2
0.0,1.0,0.0,382.0,241.0,382.0,384.0,41.0,34.0,2
7.0,0.0,0.0,382.0,245.0,382.0,384.0,41.0,35.0,2
0.0,1.0,0.0,482.0,248.0,382.0,384.0,42.0,35.0,2
7.0,0.0,0.0,382.0,252.0,382.0,384.0,42.0,36.0,2
0.0,1.0,0.0,382.0,255.0,382.0,384.0,43.0,36.0,2
2.0,0.0,0.0,379.0,259.0,382.0,384.0,43.0,37.0,2
1.0,0.0,0.0,382.0,262.0,382.0,384.0,44.0,37.0,2
7.0,0.0,0.0,482.0,266.0,382.0,384.0,45.0,38.0,2
1.0,0.0,0.0,382.0,269.0,382.0,384.0,45.0,38.0,2
7.0,0.0,0.0,382.0,273.0,382.0,384.0,46.0,39.0,2
0.0,0.0,0.0,382.0,276.0,382.0,384.0,46.0,39.0,2
7.0,0.0,0.0,382.0,280.0,382.0,384.0,47.0,40.0,2
0.0,1.0,0.0,382.0,283.0,382.0,384.0,48.0,40.0,2
7.0,0.0,0.0,382.0,287.0,382.0,384.0,48.0,41.0,2
0.0,1.0,0.0,482.0,290.0,382.0,384.0,49.0,41.0,2
7.0,0.0,0.0,382.0,294.0,382.0,384.0,49.0,42.0,2
0.0,1.0,0.0,382.0,87.0,382.0,384.0,15.0,12.0,0
2.0,0.0,0.0,379.0,91.0,382.0,384.0,15.0,13.0,0
1.0,0.0,0.0,382.0,94.0,382.0,384.0,16.0,13.0,0
7.0,0.0,0.0,482.0,98.0,382.0,384.0,17.0,14.0,0
1.0,0.0,0.0,382.0,101.0,382.0,384.0,17.0,14.0,0
7.0,0.0,0.0,382.0,105.0,382.0,384.0,18.0,15.0,0
0.0,0.0,0.0,382.0,108.0,382.0,384.0,18.0,15.0,0
7.0,0.0,0.0,382.0,112.0,382.0,384.0,19.0,16.0,0
0.0,1.0,0.0,382.0,115.0,382.0,384.0,20.0,16.0,0
7.0,0.0,0.0,382.0,119.0,382.0,384.0,20.0,17.0,0
0.0,1.0,0.0,482.0,122.0,382.0,384.0,21.0,17.0,0
7.0,0.0,0.0,382.0,126.0,382.0,384.0,21.0,18.0,0
0.0,1.0,0.0,382.0,129.0,382.0,384.0,22.0,18.0,0
2.0,0.0,0.0,379.0,133.0,382.0,384.0,22.0,19.0,0
1.0,0.0,0.0,382.0,136.0,382.0,384.0,23.0,19.0,0
7.0,0.0,0.0,482.0,140.0,382.0,384.0,24.0,20.0,0
1.0,0.0,0.0,382.0,143.0,382.0,384.0,24.0,20.0,0
7.0,0.0,0.0,382.0,147.0,382.0,384.0,25.0,21.0,0
0.0,0.0,0.0,382.0,150.0,382.0,384.0,25.0,21.0,0
7.0,0.0,0.0,382.0,154.0,382.0,384.0,26.0,22.0,0
0.0,1.0,0.0,382.0,157.0,382.0,384.0,27.0,22.0,0
7.0,0.0,0.0,382.0,161.0,382.0,384.0,27.0,23.0,0
0.0,1.0,0.0,482.0,164.0,382.0,384.0,28.0,23.0,0
7.0,0.0,0.0,382.0,168.0,382.0,384.0,28.0,24.0,0
0.0,1.0,0.0,382.0,171.0,382.0,384.0,29.0,24.0,0
2.0,0.0,0.0,379.0,175.0,382.0,384.0,29.0,25.0,0
1.0,0.0,0.0,382.0,178.0,382.0,384.0,30.0,25.0,0
7.0,0.0,0.0,482.0,182.0,382.0,384.0,31.0,26.0,0
1.0,0.0,0.0,382.0,185.0,382.0,384.0,31.0,26.0,0
7.0,0.0,0.0,382.0,189.0,382.0,384.0,32.0,27.0,0
0.0,0.0,0.0,382.0,192.0,382.0,384.0,32.0,27.0,0
7.0,0.0,0.0,382.0,196.0,382.0,384.0,33.0,28.0,0
0.0,1.0,0.0,382.0,199.0,382.0,384.0,34.0,28.0,0
7.0,0.0,0.0,382.0,203.0,382.0,384.0,34.0,29.0,0
0.0,1.0,0.0,482.0,206.0,382.0,384.0,35.0,29.0,0
7.0,0.0,0.0,382.0,210.0,382.0,384.0,35.0,30.0,0
0.0,1.0,0.0,382.0,213.0,382.0,384.0,36.0,30.0,0
2.0,0.0,0.0,379.0,217.0,382.0,384.0,36.0,31.0,0
1.0,0.0,0.0,382.0,220.0,382.0,384.0,37.0,31.0,0
7.0,0.0,0.0,482.0,224.0,382.0,384.0,38.0,32.0,0
1.0,0.0,0.0,382.0,227.0,382.0,384.0,38.0,32.0,0
7.0,0.0,0.0,382.0,231.0,382.0,384.0,39.0,33.0,0
0.0,0.0,0.0,382.0,234.0,382.0,384.0,39.0,33.0,0
7.0,0.0,0.0,382.0,238.0,382.0,384.0,40.0,34.0,0
0.0,1.0,0.0,382.0,241.0,382.0,384.0,41.0,34.0,0
7.0,0.0,0.0,382.0,245.0,382.0,384.0,41.0,35.0,0
0.0,1.0,0.0,482.0,248.0,382.0,384.0,42.0,35.0,0
7.0,0.0,0.0,382.0,252.0,382.0,384.0,42.0,36.0,0
0.0,1.0,0.0,382.0,255.0,382.0,384.0,43.0,36.0,0
2.0,0.0,0.0,379.0,259.0,382.0,384.0,43.0,37.0,0
1.0,0.0,0.0,382.0,262.0,382.0,384.0,44.0,37.0,0
7.0,0.0,0.0,482.0,266.0,382.0,384.0,45.0,38.0,0
1.0,0.0,0.0,382.0,269.0,382.0,384.0,45.0,38.0,0
7.0,0.0,0.0,382.0,273.0,382.0,384.0,46.0,39.0,0
0.0,0.0,0.0,382.0,276.0,382.0,384.0,46.0,39.0,0
7.0,0.0,0.0,382.0,280.0,382.0,384.0,47.0,40.0,0
0.0,1.0,0.0,382.0,283.0,382.0,384.0,48.0,40.0,0
7.0,0.0,0.0,382.0,287.0,382.0,384.0,48.0,41.0,0
0.0,1.0,0.0,482.0,290.0,382.0,384.0,49.0,41.0,0
7.0,0.0,0.0,382.0,294.0,382.0,384.0,49.0,42.0,0
9.0,0.0,0.0,482.0,14.0,382.0,0.0,3.0,2.0,0
9.0,0.0,0.0,482.0,14.0,382.0,0.0,3.0,2.0,0
0.0,0.0,0.0,382.0,17.0,382.0,0.0,3.0,2.0,0
0.0,0.0,0.0,382.0,17.0,382.0,0.0,3.0,2.0,0
0.0,0.0,0.0,382.0,17.0,382.0,0.0,3.0,2.0,0
9.0,0.0,0.0,382.0,21.0,382.0,0.0,4.0,3.0,0
9.0,0.0,0.0,382.0,21.0,382.0,0.0,4.0,3.0,0
9.0,0.0,0.0,382.0,21.0,382.0,0.0,4.0,3.0,0
0.0,0.0,0.0,382.0,24.0,382.0,0.0,4.0,3.0,0
0.0,0.0,0.0,382.0,24.0,382.0,0.0,4.0,3.0,0
0.0,0.0,0.0,382.0,24.0,382.0,0.0,4.0,3.0,0
0.0,0.0,0.0,382.0,24.0,382.0,0.0,4.0,3.0,0
9.0,0.0,0.0,382.0,28.0,382.0,0.0,5.0,4.0,0
9.0,0.0,0.0,382.0,28.0,382.0,0.0,5.0,4.0,0
9.0,0.0,0.0,382.0,28.0,382.0,0.0,5.0,4.0,0
0.0,0.0,0.0,382.0,31.0,382.0,0.0,6.0,4.0,0
0.0,0.0,0.0,382.0,31.0,382.0,0.0,6.0,4.0,0
0.0,0.0,0.0,382.0,31.0,382.0,0.0,6.0,4.0,0
9.0,0.0,0.0,382.0,35.0,382.0,0.0,6.0,5.0,0
9.0,0.0,0.0,382.0,35.0,382.0,0.0,6.0,5.0,0
9.0,0.0,0.0,382.0,35.0,382.0,0.0,6.0,5.0,0
0.0,0.0,0.0,482.0,38.0,382.0,0.0,7.0,5.0,0
0.0,0.0,0.0,482.0,38.0,382.0,0.0,7.0,5.0,0
0.0,0.0,0.0,482.0,38.0,382.0,0.0,7.0,5.0,0
9.0,0.0,0.0,382.0,42.0,382.0,0.0,7.0,6.0,0
9.0,0.0,0.0,382.0,42.0,382.0,0.0,7.0,6.0,0
9.0,0.0,0.0,382.0,42.0,382.0,0.0,7.0,6.0,0
0.0,0.0,0.0,382.0,45.0,382.0,0.0,8.0,6.0,0
0.0,0.0,0.0,382.0,45.0,382.0,0.0,8.0,6.0,0
0.0,0.0,0.0,382.0,45.0,382.0,0.0,8.0,6.0,0
4.0,0.0,0.0,382.0,49.0,382.0,0.0,9.0,7.0,0
4.0,0.0,0.0,382.0,49.0,382.0,0.0,9.0,7.0,0
4.0,0.0,0.0,382.0,49.0,382.0,0.0,9.0,7.0,0
1.0,0.0,0.0,382.0,52.0,382.0,0.0,9.0,7.0,0
1.0,0.0,0.0,382.0,52.0,382.0,0.0,9.0,7.0,0
1.0,0.0,0.0,382.0,52.0,382.0,0.0,9.0,7.0,0
9.0,0.0,0.0,482.0,56.0,382.0,0.0,10.0,8.0,0
9.0,0.0,0.0,482.0,56.0,382.0,0.0,10.0,8.0,0
9.0,0.0,0.0,482.0,56.0,382.0,0.0,10.0,8.0,0
0.0,0.0,0.0,382.0,59.0,382.0,0.0,10.0,8.0,0
0.0,0.0,0.0,382.0,59.0,382.0,0.0,10.0,8.0,0
0.0,0.0,0.0,382.0,59.0,382.0,0.0,10.0,8.0,0
9.0,0.0,0.0,382.0,63.0,382.0,0.0,11.0,9.0,0
9.0,0.0,0.0,382.0,63.0,382.0,0.0,11.0,9.0,0
9.0,0.0,0.0,382.0,63.0,382.0,0.0,11.0,9.0,0
0.0,0.0,0.0,382.0,66.0,382.0,0.0,11.0,9.0,0
0.0,0.0,0.0,382.0,66.0,382.0,0.0,11.0,9.0,0
0.0,0.0,0.0,382.0,66.0,382.0,0.0,11.0,9.0,0
0.0,0.0,0.0,382.0,66.0,382.0,0.0,11.0,9.0,0
9.0,0.0,0.0,382.0,70.0,382.0,0.0,12.0,10.0,0
9.0,0.0,0.0,382.0,70.0,382.0,0.0,12.0,10.0,0
9.0,0.0,0.0,382.0,70.0,382.0,0.0,12.0,10.0,0
0.0,0.0,0.0,382.0,73.0,382.0,0.0,13.0,10.0,0
0.0,0.0,0.0,382.0,73.0,382.0,0.0,13.0,10.0,0
0.0,0.0,0.0,382.0,73.0,382.0,0.0,13.0,10.0,0
9.0,0.0,0.0,382.0,77.0,382.0,0.0,13.0,11.0,0
9.0,0.0,0.0,382.0,77.0,382.0,0.0,13.0,11.0,0
9.0,0.0,0.0,382.0,77.0,382.0,0.0,13.0,11.0,0
0.0,0.0,0.0,482.0,80.0,382.0,0.0,14.0,11.0,0
0.0,0.0,0.0,482.0,80.0,382.0,0.0,14.0,11.0,0
0.0,0.0,0.0,482.0,80.0,382.0,0.0,14.0,11.0,0
9.0,0.0,0.0,382.0,84.0,382.0,0.0,14.0,12.0,0
9.0,0.0,0.0,382.0,84.0,382.0,0.0,14.0,12.0,0
9.0,0.0,0.0,382.0,84.0,382.0,0.0,14.0,12.0,0
0.0,0.0,0.0,382.0,87.0,382.0,0.0,15.0,12.0,0
0.0,0.0,0.0,382.0,87.0,382.0,0.0,15.0,12.0,0
0.0,0.0,0.0,382.0,87.0,382.0,0.0,15.0,12.0,0
4.0,0.0,0.0,382.0,91.0,382.0,0.0,16.0,13.0,0
4.0,0.0,0.0,382.0,91.0,382.0,0.0,16.0,13.0,0
4.0,0.0,0.0,382.0,91.0,382.0,0.0,16.0,13.0,0
0.0,0.0,0.0,382.0,94.0,382.0,0.0,16.0,13.0,0
0.0,0.0,0.0,382.0,94.0,382.0,0.0,16.0,13.0,0
0.0,0.0,0.0,382.0,94.0,382.0,0.0,16.0,13.0,0
9.0,0.0,0.0,482.0,98.0,382.0,0.0,17.0,14.0,0
9.0,0.0,0.0,482.0,98.0,382.0,0.0,17.0,14.0,0
9.0,0.0,0.0,482.0,98.0,382.0,0.0,17.0,14.0,0
0.0,0.0,0.0,382.0,101.0,382.0,0.0,17.0,14.0,0
0.0,0.0,0.0,382.0,101.0,382.0,0.0,17.0,14.0,0
0.0,0.0,0.0,382.0,101.0,382.0,0.0,17.0,14.0,0
9.0,0.0,0.0,382.0,105.0,382.0,0.0,18.0,15.0,0
9.0,0.0,0.0,382.0,105.0,382.0,0.0,18.0,15.0,0
9.0,0.0,0.0,382.0,105.0,382.0,0.0,18.0,15.0,0
0.0,0.0,0.0,382.0,108.0,382.0,0.0,18.0,15.0,0
0.0,0.0,0.0,382.0,108.0,382.0,0.0,18.0,15.0,0
0.0,0.0,0.0,382.0,108.0,382.0,0.0,18.0,15.0,0
0.0,0.0,0.0,382.0,108.0,382.0,0.0,18.0,15.0,0
9.0,0.0,0.0,382.0,112.0,382.0,0.0,19.0,16.0,0
9.0,0.0,0.0,382.0,112.0,382.0,0.0,19.0,16.0,0
9.0,0.0,0.0,382.0,112.0,382.0,0.0,19.0,16.0,0
0.0,0.0,0.0,382.0,115.0,382.0,0.0,20.0,16.0,0
0.0,0.0,0.0,382.0,115.0,382.0,0.0,20.0,16.0,0
0.0,0.0,0.0,382.0,115.0,382.0,0.0,20.0,16.0,0
9.0,0.0,0.0,382.0,119.0,382.0,0.0,20.0,17.0,0
9.0,0.0,0.0,382.0,119.0,382.0,0.0,20.0,17.0,0
9.0,0.0,0.0,382.0,119.0,382.0,0.0,20.0,17.0,0
0.0,0.0,0.0,482.0,122.0,382.0,0.0,21.0,17.0,0
0.0,0.0,0.0,482.0,122.0,382.0,0.0,21.0,17.0,0
0.0,0.0,0.0,482.0,122.0,382.0,0.0,21.0,17.0,0
9.0,0.0,0.0,382.0,126.0,382.0,0.0,21.0,18.0,0
9.0,0.0,0.0,382.0,126.0,382.0,0.0,21.0,18.0,0
9.0,0.0,0.0,382.0,497.0,382.0,0.0,83.0,71.0,0
0.0,0.0,0.0,482.0,500.0,382.0,0.0,84.0,71.0,0
9.0,0.0,0.0,382.0,504.0,382.0,0.0,84.0,72.0,0
0.0,0.0,0.0,382.0,507.0,382.0,0.0,85.0,72.0,0
0.0,0.0,0.0,382.0,507.0,382.0,0.0,85.0,72.0,0
4.0,0.0,0.0,382.0,511.0,382.0,0.0,86.0,73.0,0
0.0,0.0,0.0,382.0,514.0,382.0,0.0,86.0,73.0,0
9.0,0.0,0.0,482.0,518.0,382.0,0.0,87.0,74.0,0
0.0,0.0,0.0,382.0,521.0,382.0,0.0,87.0,74.0,0
9.0,0.0,0.0,382.0,525.0,382.0,0.0,88.0,75.0,0
0.0,0.0,0.0,382.0,528.0,382.0,0.0,88.0,75.0,0
9.0,0.0,0.0,382.0,532.0,382.0,0.0,89.0,76.0,0
0.0,0.0,0.0,382.0,535.0,382.0,0.0,90.0,76.0,0
9.0,0.0,0.0,382.0,539.0,382.0,0.0,90.0,77.0,0
0.0,0.0,0.0,482.0,542.0,382.0,0.0,91.0,77.0,0
9.0,0.0,0.0,382.0,546.0,382.0,0.0,91.0,78.0,0
0.0,0.0,0.0,382.0,549.0,382.0,0.0,92.0,78.0,0
4.0,0.0,0.0,382.0,553.0,382.0,0.0,93.0,79.0,0
0.0,0.0,0.0,382.0,556.0,382.0,0.0,93.0,79.0,0
9.0,0.0,0.0,482.0,560.0,382.0,0.0,94.0,80.0,0
0.0,0.0,0.0,382.0,563.0,382.0,0.0,94.0,80.0,0
9.0,0.0,0.0,382.0,567.0,382.0,0.0,95.0,81.0,0
0.0,0.0,0.0,382.0,570.0,382.0,0.0,95.0,81.0,0
9.0,0.0,0.0,382.0,574.0,382.0,0.0,96.0,82.0,0
0.0,0.0,0.0,382.0,577.0,382.0,0.0,97.0,82.0,0
9.0,0.0,0.0,382.0,581.0,382.0,0.0,97.0,83.0,0
0.0,0.0,0.0,482.0,584.0,382.0,0.0,98.0,83.0,0
9.0,0.0,0.0,382.0,588.0,382.0,0.0,98.0,84.0,0
0.0,0.0,0.0,382.0,591.0,382.0,0.0,99.0,84.0,0
4.0,0.0,0.0,382.0,595.0,382.0,0.0,100.0,85.0,0
0.0,0.0,0.0,382.0,598.0,382.0,0.0,100.0,85.0,0
9.0,0.0,0.0,482.0,602.0,382.0,0.0,101.0,86.0,0
0.0,0.0,0.0,382.0,605.0,382.0,0.0,101.0,86.0,0
0.0,0.0,0.0,382.0,605.0,382.0,0.0,101.0,86.0,0
9.0,0.0,0.0,382.0,609.0,382.0,0.0,102.0,87.0,0
0.0,0.0,0.0,382.0,612.0,382.0,0.0,102.0,87.0,0
9.0,0.0,0.0,382.0,616.0,382.0,0.0,103.0,88.0,0
0.0,0.0,0.0,382.0,619.0,382.0,0.0,104.0,88.0,0
9.0,0.0,0.0,382.0,623.0,382.0,0.0,104.0,89.0,0
0.0,0.0,0.0,482.0,626.0,382.0,0.0,105.0,89.0,0
9.0,0.0,0.0,382.0,630.0,382.0,0.0,105.0,90.0,0
0.0,0.0,0.0,382.0,633.0,382.0,0.0,106.0,90.0,0
4.0,0.0,0.0,382.0,637.0,382.0,0.0,107.0,91.0,0
0.0,0.0,0.0,382.0,640.0,382.0,0.0,107.0,91.0,0
9.0,0.0,0.0,482.0,644.0,382.0,0.0,108.0,92.0,0
0.0,0.0,0.0,382.0,647.0,382.0,0.0,108.0,92.0,0
9.0,0.0,0.0,382.0,651.0,382.0,0.0,109.0,93.0,0
0.0,0.0,0.0,382.0,654.0,382.0,0.0,109.0,93.0,0
9.0,0.0,0.0,382.0,658.0,382.0,0.0,110.0,94.0,0
0.0,0.0,0.0,382.0,661.0,382.0,0.0,111.0,94.0,0
9.0,0.0,0.0,382.0,665.0,382.0,0.0,111.0,95.0,0
0.0,0.0,0.0,482.0,668.0,382.0,0.0,112.0,95.0,0
9.0,0.0,0.0,382.0,672.0,382.0,0.0,112.0,96.0,0
0.0,0.0,0.0,382.0,675.0,382.0,0.0,113.0,96.0,0
4.0,0.0,0.0,382.0,679.0,382.0,0.0,114.0,97.0,0
0.0,0.0,0.0,382.0,682.0,382.0,0.0,114.0,97.0,0
9.0,0.0,0.0,482.0,686.0,382.0,0.0,115.0,98.0,0
0.0,0.0,0.0,382.0,689.0,382.0,0.0,115.0,98.0,0
9.0,0.0,0.0,382.0,693.0,382.0,0.0,116.0,99.0,0
0.0,0.0,0.0,382.0,696.0,382.0,0.0,116.0,99.0,0
9.0,0.0,0.0,382.0,700.0,382.0,0.0,117.0,100.0,0
0.0,0.0,0.0,382.0,703.0,382.0,0.0,118.0,100.0,0
0.0,0.0,0.0,382.0,703.0,382.0,0.0,118.0,100.0,0
9.0,0.0,0.0,382.0,707.0,382.0,0.0,118.0,101.0,0
0.0,0.0,0.0,482.0,710.0,382.0,0.0,119.0,101.0,0
9.0,0.0,0.0,382.0,714.0,382.0,0.0,119.0,102.0,0
0.0,0.0,0.0,382.0,717.0,382.0,0.0,120.0,102.0,0
4.0,0.0,0.0,382.0,721.0,382.0,0.0,121.0,103.0,0
0.0,0.0,0.0,382.0,724.0,382.0,0.0,121.0,103.0,0
9.0,0.0,0.0,482.0,728.0,382.0,0.0,122.0,104.0,0
0.0,0.0,0.0,382.0,731.0,382.0,0.0,122.0,104.0,0
9.0,0.0,0.0,382.0,735.0,382.0,0.0,123.0,105.0,0
0.0,0.0,0.0,382.0,738.0,382.0,0.0,123.0,105.0,0
9.0,0.0,0.0,382.0,742.0,382.0,0.0,124.0,106.0,0
0.0,0.0,0.0,382.0,745.0,382.0,0.0,125.0,106.0,0
9.0,0.0,0.0,382.0,749.0,382.0,0.0,125.0,107.0,0
0.0,0.0,0.0,482.0,752.0,382.0,0.0,126.0,107.0,0
9.0,0.0,0.0,382.0,756.0,382.0,0.0,126.0,108.0,0
0.0,0.0,0.0,382.0,759.0,382.0,0.0,127.0,108.0,0
4.0,0.0,0.0,382.0,763.0,382.0,0.0,128.0,109.0,0
0.0,0.0,0.0,382.0,766.0,382.0,0.0,128.0,109.0,0
9.0,0.0,0.0,482.0,770.0,382.0,0.0,129.0,110.0,0
0.0,0.0,0.0,382.0,773.0,382.0,0.0,129.0,110.0,0
9.0,0.0,0.0,382.0,777.0,382.0,0.0,130.0,111.0,0
0.0,0.0,0.0,382.0,780.0,382.0,0.0,130.0,111.0,0
9.0,0.0,0.0,382.0,784.0,382.0,0.0,131.0,112.0,0
0.0,0.0,0.0,382.0,787.0,382.0,0.0,132.0,112.0,0
9.0,0.0,0.0,382.0,791.0,382.0,0.0,132.0,113.0,0
0.0,0.0,0.0,482.0,794.0,382.0,0.0,133.0,113.0,0
9.0,0.0,0.0,382.0,798.0,382.0,0.0,133.0,114.0,0
0.0,0.0,0.0,382.0,801.0,382.0,0.0,134.0,114.0,0
0.0,0.0,0.0,382.0,801.0,382.0,0.0,134.0,114.0,0
4.0,0.0,0.0,382.0,805.0,382.0,0.0,135.0,115.0,0
0.0,0.0,0.0,382.0,808.0,382.0,0.0,135.0,115.0,0
9.0,0.0,0.0,482.0,812.0,382.0,0.0,136.0,116.0,0
0.0,0.0,0.0,382.0,815.0,382.0,0.0,136.0,116.0,0
9.0,0.0,0.0,382.0,819.0,382.0,0.0,137.0,117.0,0
0.0,0.0,0.0,382.0,822.0,382.0,0.0,137.0,117.0,0
9.0,0.0,0.0,382.0,826.0,382.0,0.0,138.0,118.0,0
0.0,0.0,0.0,382.0,829.0,382.0,0.0,139.0,118.0,0
9.0,0.0,0.0,482.0,14.0,382.0,384.0,3.0,2.0,0
0.0,0.0,0.0,482.0,38.0,382.0,384.0,7.0,5.0,0
10.0,0.0,0.0,382.0,42.0,382.0,384.0,7.0,6.0,0
0.0,0.0,0.0,382.0,45.0,382.0,384.0,8.0,6.0,0
4.0,0.0,0.0,382.0,49.0,382.0,384.0,9.0,7.0,0
1.0,0.0,0.0,382.0,52.0,382.0,384.0,9.0,7.0,0
10.0,0.0,0.0,482.0,56.0,382.0,384.0,10.0,8.0,0
0.0,0.0,0.0,382.0,59.0,382.0,384.0,10.0,8.0,0
10.0,0.0,0.0,382.0,63.0,382.0,384.0,11.0,9.0,0
0.0,0.0,0.0,382.0,66.0,382.0,384.0,11.0,9.0,0
10.0,0.0,0.0,382.0,70.0,382.0,384.0,12.0,10.0,0
0.0,0.0,0.0,382.0,73.0,382.0,384.0,13.0,10.0,0
10.0,0.0,0.0,382.0,77.0,382.0,384.0,13.0,11.0,0
0.0,0.0,0.0,482.0,80.0,382.0,384.0,14.0,11.0,0
10.0,0.0,0.0,382.0,84.0,382.0,384.0,14.0,12.0,0
0.0,0.0,0.0,382.0,87.0,382.0,384.0,15.0,12.0,0
4.0,0.0,0.0,382.0,91.0,382.0,384.0,16.0,13.0,0
1.0,0.0,0.0,382.0,94.0,382.0,384.0,16.0,13.0,0
10.0,0.0,0.0,482.0,98.0,382.0,384.0,17.0,14.0,0
0.0,0.0,0.0,382.0,101.0,382.0,384.0,17.0,14.0,0
0.0,0.0,0.0,382.0,101.0,382.0,384.0,17.0,14.0,0
10.0,0.0,0.0,382.0,105.0,382.0,384.0,18.0,15.0,0
0.0,0.0,0.0,382.0,108.0,382.0,384.0,18.0,15.0,0
10.0,0.0,0.0,382.0,112.0,382.0,384.0,19.0,16.0,0
0.0,0.0,0.0,382.0,115.0,382.0,384.0,20.0,16.0,0
10.0,0.0,0.0,382.0,119.0,382.0,384.0,20.0,17.0,0
0.0,0.0,0.0,482.0,122.0,382.0,384.0,21.0,17.0,0
10.0,0.0,0.0,382.0,126.0,382.0,384.0,21.0,18.0,0
0.0,0.0,0.0,382.0,129.0,382.0,384.0,22.0,18.0,0
4.0,0.0,0.0,382.0,133.0,382.0,384.0,23.0,19.0,0
0.0,0.0,0.0,382.0,136.0,382.0,384.0,23.0,19.0,0
10.0,0.0,0.0,482.0,140.0,382.0,384.0,24.0,20.0,0
0.0,0.0,0.0,382.0,143.0,382.0,384.0,24.0,20.0,0
10.0,0.0,0.0,382.0,147.0,382.0,384.0,25.0,21.0,0
0.0,0.0,0.0,382.0,150.0,382.0,384.0,25.0,21.0,0
10.0,0.0,0.0,382.0,154.0,382.0,384.0,26.0,22.0,0
0.0,0.0,0.0,382.0,157.0,382.0,384.0,27.0,22.0,0
10.0,0.0,0.0,382.0,161.0,382.0,384.0,27.0,23.0,0
0.0,0.0,0.0,482.0,164.0,382.0,384.0,28.0,23.0,0
10.0,0.0,0.0,382.0,168.0,382.0,384.0,28.0,24.0,0
0.0,0.0,0.0,382.0,171.0,382.0,384.0,29.0,24.0,0
4.0,0.0,0.0,382.0,175.0,382.0,384.0,30.0,25.0,0
0.0,0.0,0.0,382.0,178.0,382.0,384.0,30.0,25.0,0
10.0,0.0,0.0,482.0,182.0,382.0,384.0,31.0,26.0,0
0.0,0.0,0.0,382.0,185.0,382.0,384.0,31.0,26.0,0
10.0,0.0,0.0,382.0,189.0,382.0,384.0,32.0,27.0,0
0.0,0.0,0.0,382.0,192.0,382.0,384.0,32.0,27.0,0
10.0,0.0,0.0,382.0,196.0,382.0,384.0,33.0,28.0,0
0.0,0.0,0.0,382.0,199.0,382.0,384.0,34.0,28.0,0
0.0,0.0,0.0,382.0,199.0,382.0,384.0,34.0,28.0,0
10.0,0.0,0.0,382.0,203.0,382.0,384.0,34.0,29.0,0
0.0,0.0,0.0,482.0,206.0,382.0,384.0,35.0,29.0,0
10.0,0.0,0.0,382.0,210.0,382.0,384.0,35.0,30.0,0
0.0,0.0,0.0,382.0,213.0,382.0,384.0,36.0,30.0,0
4.0,0.0,0.0,382.0,217.0,382.0,384.0,37.0,31.0,0
0.0,0.0,0.0,382.0,220.0,382.0,384.0,37.0,31.0,0
10.0,0.0,0.0,482.0,224.0,382.0,384.0,38.0,32.0,0
0.0,0.0,0.0,382.0,227.0,382.0,384.0,38.0,32.0,0
10.0,0.0,0.0,382.0,231.0,382.0,384.0,39.0,33.0,0
0.0,0.0,0.0,382.0,234.0,382.0,384.0,39.0,33.0,0
10.0,0.0,0.0,382.0,238.0,382.0,384.0,40.0,34.0,0
0.0,0.0,0.0,382.0,241.0,382.0,384.0,41.0,34.0,0
10.0,0.0,0.0,382.0,245.0,382.0,384.0,41.0,35.0,0
0.0,0.0,0.0,482.0,248.0,382.0,384.0,42.0,35.0,0
10.0,0.0,0.0,382.0,252.0,382.0,384.0,42.0,36.0,0
0.0,0.0,0.0,382.0,255.0,382.0,384.0,43.0,36.0,0
4.0,0.0,0.0,382.0,259.0,382.0,384.0,44.0,37.0,0
0.0,0.0,0.0,382.0,262.0,382.0,384.0,44.0,37.0,0
10.0,0.0,0.0,482.0,266.0,382.0,384.0,45.0,38.0,0
0.0,0.0,0.0,382.0,269.0,382.0,384.0,45.0,38.0,0
10.0,0.0,0.0,382.0,273.0,382.0,384.0,46.0,39.0,0
0.0,0.0,0.0,382.0,276.0,382.0,384.0,46.0,39.0,0
10.0,0.0,0.0,382.0,280.0,382.0,384.0,47.0,40.0,0
0.0,0.0,0.0,382.0,283.0,382.0,384.0,48.0,40.0,0
10.0,0.0,0.0,382.0,287.0,382.0,384.0,48.0,41.0,0
0.0,0.0,0.0,482.0,290.0,382.0,384.0,49.0,41.0,0
10.0,0.0,0.0,382.0,294.0,382.0,384.0,49.0,42.0,0
0.0,0.0,0.0,382.0,297.0,382.0,384.0,50.0,42.0,0
0.0,0.0,0.0,382.0,297.0,382.0,384.0,50.0,42.0,0
4.0,0.0,0.0,382.0,301.0,382.0,384.0,51.0,43.0,0
0.0,0.0,0.0,382.0,304.0,382.0,384.0,51.0,43.0,0
10.0,0.0,0.0,482.0,308.0,382.0,384.0,52.0,44.0,0
0.0,0.0,0.0,382.0,311.0,382.0,384.0,52.0,44.0,0
10.0,0.0,0.0,382.0,315.0,382.0,384.0,53.0,45.0,0
0.0,0.0,0.0,382.0,318.0,382.0,384.0,53.0,45.0,0
10.0,0.0,0.0,382.0,322.0,382.0,384.0,54.0,46.0,0
0.0,0.0,0.0,382.0,325.0,382.0,384.0,55.0,46.0,0
10.0,0.0,0.0,382.0,329.0,382.0,384.0,55.0,47.0,0
0.0,0.0,0.0,482.0,332.0,382.0,384.0,56.0,47.0,0
10.0,0.0,0.0,382.0,336.0,382.0,384.0,56.0,48.0,0
0.0,0.0,0.0,382.0,339.0,382.0,384.0,57.0,48.0,0
4.0,0.0,0.0,382.0,343.0,382.0,384.0,58.0,49.0,0
0.0,0.0,0.0,382.0,346.0,382.0,384.0,58.0,49.0,0
10.0,0.0,0.0,482.0,350.0,382.0,384.0,59.0,50.0,0
0.0,0.0,0.0,382.0,353.0,382.0,384.0,59.0,50.0,0
10.0,0.0,0.0,382.0,357.0,382.0,384.0,60.0,51.0,0
0.0,0.0,0.0,382.0,360.0,382.0,384.0,60.0,51.0,0
10.0,0.0,0.0,382.0,364.0,382.0,384.0,61.0,52.0,0
0.0,0.0,0.0,382.0,367.0,382.0,384.0,62.0,52.0,0
10.0,0.0,0.0,382.0,371.0,382.0,384.0,62.0,53.0,0
0.0,0.0,0.0,482.0,374.0,382.0,384.0,63.0,53.0,0
